id,memory_session_id,project,request,investigated,learned,completed,next_steps,files_read,files_edited,notes,prompt_number,discovery_tokens,created_at,created_at_epoch,meta_intent
1429,mem-1774872080264-6o663h,d:/github/shadow-folk,用户想排查为什么接入 ShadowFolk 的 HTTP MCP 认证仍然失败，即使已经给请求头加了 Bearer。,检查了远端 HTTP MCP 服务的初始化、鉴权与工具调用行为，核对了 nginx 转发链路，并查看了容器运行日志与实际请求头格式。,关键发现是此前 401 的直接原因确实可能是 Authorization 缺少 Bearer 前缀；同时服务端 HTTP MCP 接口本身在开发环境已验证可正常工作，说明问题更可能出在客户端配置或请求实际发出内容上。,完成了 HTTP MCP 端点开发、部署与联调验证；将 MCP 接入方式从 stdio 切到 HTTP，并验证了鉴权失败与成功场景。,建议直接抓取客户端实际发出的 Authorization 头确认是否真带有 Bearer 和空格；再复核 MCP 配置中的 headers 写法是否符合 Cursor 预期格式。,"/tmp/test-mcp.sh, e:/ugit/letsgodevelop-develop, e:/ugit/letsgodevelop-develop/letsgo, e:/ugit/letsgodevelop-develop/letsgo/plugins, e:/ugit/letsgodevelop-develop/letsgo/content/feature/home, e:/ugit/letsgodevelop-develop/letsgo/content/feature/ougccommon, e:/ugit/letsgodevelop-develop/letsgo/content/feature/chasecommon, e:/ugit/letsgodevelop-develop/letsgo/content/feature/ogc, e:/ugit/letsgodevelop-develop/letsgo/content/feature/commercial, e:/ugit/letsgodevelop-develop/letsgo/content/feature/bsp, e:/ugit/letsgodevelop-develop/letsgo/content/feature/chestcommon, e:/ugit/letsgodevelop-develop/letsgo/content/feature/chestpve, e:/ugit/letsgodevelop-develop/aiknowledge, e:/ugit/letsgodevelop-develop/letsgo/content/feature/community, e:/ugit/letsgodevelop-develop/letsgo/tools","d:\GitHub\shadow-folk\test-mcp.sh, /tmp/test-mcp.sh, /tmp/test-mcp-nginx.sh, C:\Users\minusjiang\.cursor\mcp.json, packages/server/src/mcp/tools.ts, packages/server/src/mcp/handlers.ts, packages/server/src/mcp/http.ts, src/index.ts, src/mcp/server.ts, package.json, deploy-dev.sh, LetsGoDevelop (root), AIKnowledge, BuildTools, LetsGo, OGC, map.json, ~/.cursor/mcp.json, packages/server/src/mcp/server.ts, C:\Users\minusjiang\.cursor\projects\d-GitHub-shadow-folk\assets\c__Users_minusjiang_AppData_Roaming_Cursor_User_workspaceStorage_2d8d5f7f52bf4ed0972b2253bfa6608f_images________17751882014117-788ef4a0-78d5-4c9d-bcb6-6701dc8533bd.png, C:\Users\minusjiang\.cursor\projects\d-GitHub-shadow-folk\assets\c__Users_minusjiang_AppData_Roaming_Cursor_User_workspaceStorage_2d8d5f7f52bf4ed0972b2253bfa6608f_images________17751880773551-33366907-28aa-4926-a8b2-71e63f5bfad4.png",,0,0,2026-04-03T04:22:41.848Z,1775190161848,用户的深层目的是让 Cursor 通过 HTTP 方式稳定接入远端 MCP 服务，完成可用的鉴权与工具调用。
1428,mem-1774872080264-6o663h,d:/github/shadow-folk,用户想确认为什么“yuantongliu”一直无法访问，并排查相关接入链路是否正常。,排查了远端 MCP 初始化请求、SSH/脚本执行异常、HTTP MCP 经 nginx 暴露后的可用性，以及当前项目/成员可见性与权限信息。,核心链路本身已验证可用，HTTP MCP 初始化、鉴权与工具列表返回正常；更可能的问题在于用户侧配置、令牌或权限范围，而不是服务端整体不可用。,完成了 HTTP MCP 接入验证与部署确认，将接入方式从 stdio 切到 HTTP，并整理了给他人接入所需的简要配置说明。,让 yuantongliu 按标准 HTTP MCP 方式重新配置并检查个人令牌是否有效；若仍无法访问，再核对其项目成员身份和权限是否已正确开通。,"/tmp/mcp_test.json, /tmp/test-mcp.sh, e:/ugit/letsgodevelop-develop, e:/ugit/letsgodevelop-develop/letsgo, e:/ugit/letsgodevelop-develop/letsgo/plugins, e:/ugit/letsgodevelop-develop/letsgo/content/feature/home, e:/ugit/letsgodevelop-develop/letsgo/content/feature/ougccommon, e:/ugit/letsgodevelop-develop/letsgo/content/feature/chasecommon, e:/ugit/letsgodevelop-develop/letsgo/content/feature/ogc, e:/ugit/letsgodevelop-develop/letsgo/content/feature/commercial, e:/ugit/letsgodevelop-develop/letsgo/content/feature/bsp, e:/ugit/letsgodevelop-develop/letsgo/content/feature/chestcommon, e:/ugit/letsgodevelop-develop/letsgo/content/feature/chestpve, e:/ugit/letsgodevelop-develop/aiknowledge, e:/ugit/letsgodevelop-develop/letsgo/content/feature/community, e:/ugit/letsgodevelop-develop/letsgo/tools","/tmp/mcp_test.json, /tmp/test-mcp.sh, d:\GitHub\shadow-folk\test-mcp.sh, /tmp/test-mcp-nginx.sh, C:\Users\minusjiang\.cursor\mcp.json, packages/server/src/mcp/tools.ts, packages/server/src/mcp/handlers.ts, packages/server/src/mcp/http.ts, src/index.ts, src/mcp/server.ts, package.json, deploy-dev.sh, LetsGoDevelop (root), AIKnowledge, BuildTools, LetsGo, OGC, map.json, ~/.cursor/mcp.json, packages/server/src/mcp/server.ts, C:\Users\minusjiang\.cursor\projects\d-GitHub-shadow-folk\assets\c__Users_minusjiang_AppData_Roaming_Cursor_User_workspaceStorage_2d8d5f7f52bf4ed0972b2253bfa6608f_images________17751882014117-788ef4a0-78d5-4c9d-bcb6-6701dc8533bd.png",,0,0,2026-04-03T03:51:14.796Z,1775188274796,用户的深层目的是定位某个成员无法接入系统的真正原因，并确认应采用稳定、可复制的接入方式。
1376,mem-1774872080264-6o663h,d:/github/shadow-folk,用户想确认远端 CVM 上的 MCP 接入是否已经不再使用 stdio，而改为走 HTTP 方式。,排查并验证了远端 MCP 的初始化握手、鉴权与工具调用链路是否能通过 HTTP 正常工作，同时检查了客户端配置是否已切换到 HTTP 接入。,关键发现是：远端 MCP 服务已经完成 HTTP 化并在开发环境可用，初始化与鉴权行为正常；对应客户端配置也已从 stdio 改成 HTTP，因此远端场景下不需要再依赖 stdio。,已完成 HTTP MCP 端点开发与部署验证，确认可通过反向代理访问；已同步完成客户端侧接入配置切换，并整理了他人接入所需的简要说明。,建议直接按 HTTP 方式接入远端 CVM 的 MCP；如需最终确认，可再用实际客户端做一次完整工具调用回归测试。,"/tmp/mcp_test.json, /tmp/test-mcp.sh, e:/ugit/letsgodevelop-develop, e:/ugit/letsgodevelop-develop/letsgo, e:/ugit/letsgodevelop-develop/letsgo/plugins, e:/ugit/letsgodevelop-develop/letsgo/content/feature/home, e:/ugit/letsgodevelop-develop/letsgo/content/feature/ougccommon, e:/ugit/letsgodevelop-develop/letsgo/content/feature/chasecommon, e:/ugit/letsgodevelop-develop/letsgo/content/feature/ogc, e:/ugit/letsgodevelop-develop/letsgo/content/feature/commercial, e:/ugit/letsgodevelop-develop/letsgo/content/feature/bsp, e:/ugit/letsgodevelop-develop/letsgo/content/feature/chestcommon, e:/ugit/letsgodevelop-develop/letsgo/content/feature/chestpve, e:/ugit/letsgodevelop-develop/aiknowledge, e:/ugit/letsgodevelop-develop/letsgo/content/feature/community, e:/ugit/letsgodevelop-develop/letsgo/tools","/tmp/mcp_test.json, /tmp/test-mcp.sh, d:\GitHub\shadow-folk\test-mcp.sh, /tmp/test-mcp-nginx.sh, C:\Users\minusjiang\.cursor\mcp.json, packages/server/src/mcp/tools.ts, packages/server/src/mcp/handlers.ts, packages/server/src/mcp/http.ts, src/index.ts, src/mcp/server.ts, package.json, deploy-dev.sh, LetsGoDevelop (root), AIKnowledge, BuildTools, LetsGo, OGC, map.json, ~/.cursor/mcp.json",,0,0,2026-03-31T15:10:53.875Z,1774969853875,用户的深层目的是确认远端部署后的 MCP 标准接入方式，避免继续沿用本地进程式的 stdio 方案。
1375,mem-1774872080264-6o663h,d:/github/shadow-folk,用户想确认：如果要把 MCP 提供给别人使用，是否只需要让对方配置一份 JSON 配置即可完成接入。,排查并验证了 HTTP 版 MCP 的初始化、鉴权和工具列表流程；同时检查了通过 nginx 暴露后的可用性，以及客户端侧从 stdio 改为 HTTP 配置后的接入方式。,关键结论是：若 MCP 已经以 HTTP 方式稳定暴露，对方通常只需按约定填写一份客户端 JSON 配置即可接入；前提是服务端地址、鉴权头和协议握手都已正确配置。另一个发现是，联调中的主要问题集中在脚本执行与引号/换行符这类环境细节，而不是 MCP 功能本身。,已完成 HTTP MCP 能力接入、开发环境部署与连通性验证；也已完成客户端配置切换验证，证明可通过统一 JSON 配置供他人使用。,建议整理一份对外接入说明，明确示例 JSON、URL、必需请求头和鉴权要求；再让目标使用方按该模板配置并做一次初始化联调。,"/tmp/mcp_test.json, /tmp/test-mcp.sh, e:/ugit/letsgodevelop-develop, e:/ugit/letsgodevelop-develop/letsgo, e:/ugit/letsgodevelop-develop/letsgo/plugins, e:/ugit/letsgodevelop-develop/letsgo/content/feature/home, e:/ugit/letsgodevelop-develop/letsgo/content/feature/ougccommon, e:/ugit/letsgodevelop-develop/letsgo/content/feature/chasecommon, e:/ugit/letsgodevelop-develop/letsgo/content/feature/ogc, e:/ugit/letsgodevelop-develop/letsgo/content/feature/commercial, e:/ugit/letsgodevelop-develop/letsgo/content/feature/bsp, e:/ugit/letsgodevelop-develop/letsgo/content/feature/chestcommon, e:/ugit/letsgodevelop-develop/letsgo/content/feature/chestpve, e:/ugit/letsgodevelop-develop/aiknowledge, e:/ugit/letsgodevelop-develop/letsgo/content/feature/community, e:/ugit/letsgodevelop-develop/letsgo/tools","/tmp/mcp_test.json, /tmp/test-mcp.sh, d:\GitHub\shadow-folk\test-mcp.sh, /tmp/test-mcp-nginx.sh, C:\Users\minusjiang\.cursor\mcp.json, packages/server/src/mcp/tools.ts, packages/server/src/mcp/handlers.ts, packages/server/src/mcp/http.ts, src/index.ts, src/mcp/server.ts, package.json, deploy-dev.sh, LetsGoDevelop (root), AIKnowledge, BuildTools, LetsGo, OGC, map.json",,0,0,2026-03-31T15:09:55.547Z,1774969795547,用户本质上是想把现有 MCP 能力标准化对外共享，尽量降低他人接入成本。
1363,mem-1774872080264-6o663h,d:/github/shadow-folk,用户想用新的 MCP 查询 ziyad 在 tank 上的工作进展与相关信息。,排查并验证了新的 HTTP 版 MCP 接入是否可用，包括初始化、鉴权与工具调用链路；同时查询了当前可访问的项目列表、项目成员与相关记忆，尝试检索“ziyadyao”相关记录。,新的 HTTP MCP 接入已打通并部署到开发环境，基础校验与工具发现可正常工作；当前已查到项目与成员信息，但未在现有项目记忆中找到“ziyadyao”的直接匹配记录。,完成了新 MCP 的连通性与配置切换验证；完成了项目、成员和相关记忆的初步查询。,建议用已可用的新 MCP 继续按 tank 项目维度查询任务、提交或工单；如需定位 ziyad，可再用成员标识、昵称或账号变体做一次更精确搜索。,"/tmp/mcp_test.json, /tmp/test-mcp.sh","/tmp/mcp_test.json, /tmp/test-mcp.sh, d:\GitHub\shadow-folk\test-mcp.sh, /tmp/test-mcp-nginx.sh, C:\Users\minusjiang\.cursor\mcp.json, packages/server/src/mcp/tools.ts, packages/server/src/mcp/handlers.ts, packages/server/src/mcp/http.ts, src/index.ts, src/mcp/server.ts, package.json, deploy-dev.sh",,0,0,2026-03-31T14:12:14.386Z,1774966334386,用户是想确认新 MCP 是否能用，并借此获取 ziyad 在 tank 项目上的实际工作内容或进展。
1335,mem-1774872080264-6o663h,d:/github/shadow-folk,用户想确认 MCP 是否已经配置完成并可正常使用。,排查了 MCP 的 HTTP 接入方式、鉴权要求、初始化握手失败原因，以及远程开发环境中的实际可用性；同时检查了客户端侧的 MCP 配置是否已写入。,已确认服务端 MCP HTTP 接口与共享工具层已经完成开发并部署到开发环境。远程验证表明服务可达，鉴权与初始化流程基本正常，之前的问题主要集中在请求头、请求体格式和脚本执行细节上。,完成了服务端 MCP 功能接入与开发环境部署，做了远程联调验证，并修改了 Cursor 的 MCP 配置以接入该服务。,建议让用户在本地 Cursor 中实际发起一次工具调用确认可用；如仍异常，再重点检查本地配置生效和鉴权信息是否正确。,"/app/packages/server/src/middleware/tof-auth.ts, /app/packages/server/src/mcp/http.ts, /app/packages/server/src/api/push.ts, /app/packages/server/src/middleware/auth-helper.ts, /tmp/mcp_test.json, /tmp/test-mcp.sh","/tmp/mcp_test.json, /tmp/test-mcp.sh, d:\GitHub\shadow-folk\test-mcp.sh, /tmp/test-mcp-nginx.sh, C:\Users\minusjiang\.cursor\mcp.json, packages/server/src/mcp/tools.ts, packages/server/src/mcp/handlers.ts, packages/server/src/mcp/http.ts, src/index.ts, src/mcp/server.ts, package.json, deploy-dev.sh",,0,0,2026-03-30T14:27:27.166Z,1774880847166,用户实际是想确认从服务端到客户端的 MCP 链路是否已经打通，自己是否可以直接开始使用。
1333,mem-1774872080264-6o663h,d:/github/shadow-folk,用户想确认远端环境是否已经完成提交并部署可用。,检查了远端服务启动与鉴权链路，核实了 HTTP MCP 接口的实现方式，并多次通过远程脚本与请求测试初始化流程、鉴权和 nginx 转发表现。,远端服务已启动且 HTTP MCP 接口已接入完成；初始化流程在正确请求头与合法鉴权下可通过，异常场景会按预期返回错误。,已完成 HTTP MCP 端点与共享工具层接入，并在远端完成联调验证；同时修正了测试脚本与本地客户端配置，确认部署后的接口可用。,建议再做一次业务侧端到端调用验证；如需对外交付，可补充一份简短的调用说明和验收结果。,"/app/packages/server/src/index.ts, /app/packages/server/src/middleware/tof-auth.ts, /app/packages/server/src/mcp/http.ts, /app/packages/server/src/api/push.ts, /app/packages/server/src/middleware/auth-helper.ts, /tmp/mcp_test.json, /tmp/test-mcp.sh","/tmp/mcp_test.json, /tmp/test-mcp.sh, d:\GitHub\shadow-folk\test-mcp.sh, /tmp/test-mcp-nginx.sh, C:\Users\minusjiang\.cursor\mcp.json, packages/server/src/mcp/tools.ts, packages/server/src/mcp/handlers.ts, packages/server/src/mcp/http.ts, src/index.ts, src/mcp/server.ts, package.json",,0,0,2026-03-30T14:25:14.008Z,1774880714008,用户想确认这次改造是否真正落地到远端，并且能稳定对外提供服务，而不只是代码改完。
1332,mem-1774872080264-6o663h,d:/github/shadow-folk,用户想要开始排查并打通远程 HTTP MCP 服务的鉴权与初始化调用。,检查了服务端入口、MCP 路由与认证中间件；多次通过远程请求验证 initialize 流程、请求头与 JSON 负载格式；同时核对了经由 nginx 转发后的可访问性与本地客户端配置。,关键问题不在服务未启动，而在鉴权链路与请求格式：接口要求有效登录态或 Bearer Token，且 initialize 请求对 Accept 头和 JSON 格式较敏感。远程服务本身可用，经 nginx 暴露的 HTTP MCP 端点也已基本验证通。,完成了远程服务实现与认证逻辑排查；验证了 MCP initialize 的主要失败原因；上传并调整了测试脚本；修改了本地 Cursor 的 MCP 配置以配合远程接入。,使用有效凭证再次做一次标准 initialize 调用，确认完整握手成功；再用客户端实际连通测试，逐项核对认证信息、请求头和代理转发配置。,"/app/packages/server/src/index.ts, /app/packages/server/src/middleware/tof-auth.ts, /app/packages/server/src/mcp/http.ts, /app/packages/server/src/api/push.ts, /app/packages/server/src/middleware/auth-helper.ts, /tmp/mcp_test.json, /tmp/test-mcp.sh","/tmp/mcp_test.json, /tmp/test-mcp.sh, d:\GitHub\shadow-folk\test-mcp.sh, /tmp/test-mcp-nginx.sh, C:\Users\minusjiang\.cursor\mcp.json",,0,0,2026-03-30T12:48:03.597Z,1774874883597,用户的深层目的是让本地开发工具能够稳定连接远程 MCP 服务，并明确失败究竟来自认证、协议格式还是客户端配置。
1331,mem-1774872080264-6o663h,d:/github/shadow-folk,用户想把 ShadowFolk 的 MCP 接入方式从本地 stdio 迁移为服务端 HTTP，并确认这种方案是否合理。,探索了 MCP 从 stdio 改为 HTTP 的改造路径，核查了开发环境服务健康状态、容器与反向代理配置，并确认现有本地 MCP 配置与相关包安装情况。,关键发现是当前“远程模式”本质上仍是本地 stdio 外壳加进程内 HTTP 转发，不是真正的远程 MCP；在现有开发环境下，优先采用无状态 HTTP JSON 模式更合理，能避免额外的 Nginx SSE 适配改动。,已完成方案论证，并给出服务端新增 MCP HTTP 入口、复用现有工具逻辑、沿用 Bearer 鉴权和采用 JSON 响应模式的设计建议。,先按无状态 `/api/mcp` JSON 方案落地一个最小可用版本；完成后再用 Cursor 实测工具调用链路，并视需要决定是否补充 SSE 流式支持。,"/opt/shadow-folk/dev/nginx/nginx.conf, /opt/shadow-folk/dev/nginx.conf, /opt/shadow-folk/dev/nginx.dev.conf, %USERPROFILE%/.cursor/mcp.json, C:\Users\minusjiang\.cursor\projects\d-GitHub-shadow-folk\mcps\user-shadow-folk\SERVER_METADATA.json, C:\Users\minusjiang\.cursor\projects\d-GitHub-shadow-folk\mcps\user-shadow-folk\tools\get_memories.json, C:\Users\minusjiang\.cursor\projects\d-GitHub-shadow-folk\mcps\user-shadow-folk\tools\get_memories_for_summary.json, C:\Users\minusjiang\.cursor\projects\d-GitHub-shadow-folk\mcps\user-shadow-folk\tools\get_memory_stats.json, C:\Users\minusjiang\.cursor\projects\d-GitHub-shadow-folk\mcps\user-shadow-folk\tools\get_projects.json, C:\Users\minusjiang\.cursor\projects\d-GitHub-shadow-folk\mcps\user-shadow-folk\tools\get_project_members.json, C:\Users\minusjiang\.cursor\projects\d-GitHub-shadow-folk\mcps\user-shadow-folk\tools\get_project_tasks.json, C:\Users\minusjiang\.cursor\projects\d-GitHub-shadow-folk\mcps\user-shadow-folk\tools\get_shadow.json, C:\Users\minusjiang\.cursor\projects\d-GitHub-shadow-folk\mcps\user-shadow-folk\tools\get_tasks.json, C:\Users\minusjiang\.cursor\projects\d-GitHub-shadow-folk\mcps\user-shadow-folk\tools\search_knowledge.json, C:\Users\minusjiang\.cursor\projects\d-GitHub-shadow-folk\mcps\user-shadow-folk\tools\search_memory.json, C:\Users\minusjiang\.cursor\projects\d-GitHub-shadow-folk\mcps\user-shadow-folk\tools\search_memory_like.json, C:\Users\minusjiang\.cursor\projects\d-GitHub-shadow-folk\mcps\user-shadow-folk\tools\search_project_memories.json, D:\GitHub\shadow-folk\shadow-task-summerizer-repo\shadowfolk-query-mcp","packages/server/src/mcp/server.ts, packages/server/src/index.ts, packages/server/src/mcp/tools.ts, packages/server/src/mcp/handlers.ts, packages/server/src/mcp/factory.ts, packages/server/src/mcp/http.ts, doc/mcp-security-design.md, package.json, Nginx 配置（新增 /mcp location，若选择 /mcp + SSE 方案）, Cursor MCP 客户端配置（URL 与 Authorization 头，令牌已脱敏为 [REDACTED]）, 后端 MCP 路由配置（/mcp 或 /api/mcp）, server.ts, http.ts, src/index.ts, src/mcp/server.ts",,0,0,2026-03-30T12:30:42.739Z,1774873842739,用户的深层目的是减少本地依赖和接入复杂度，让 Cursor 直接稳定调用开发服上的 MCP 服务。
1330,mem-1774872080264-6o663h,d:/github/shadow-folk,用户想把 TOF 中间件定位为网页端给人访问使用，并确认 MCP 应改为服务端 HTTP 接入而不是继续依赖本地 stdio。,探索了 MCP 从 stdio 迁移到 HTTP 的方案，比较了 JSON 与 SSE 两种接入模式，并检查了开发环境中的反向代理、服务健康状态和现有 MCP 配置。,关键发现是当前“远程模式”本质仍是本地 stdio 外壳加 HTTP 转发，不是真正的远程 MCP；在现有场景下优先采用无状态的 HTTP JSON 模式更稳妥，且基本不需要额外改动网关。,完成了接入方向的确认，形成了服务端新增 MCP HTTP 入口的设计建议，并给出了开发环境下推荐的接入方式。,按无状态方案实现服务端 `/api/mcp` 接口；随后让 Cursor 改为直连该接口并做一次联调验证。,"/opt/shadow-folk/dev/nginx/nginx.conf, /opt/shadow-folk/dev/nginx.conf, /opt/shadow-folk/dev/nginx.dev.conf, %USERPROFILE%/.cursor/mcp.json, C:\Users\minusjiang\.cursor\projects\d-GitHub-shadow-folk\mcps\user-shadow-folk\SERVER_METADATA.json, C:\Users\minusjiang\.cursor\projects\d-GitHub-shadow-folk\mcps\user-shadow-folk\tools\get_memories.json, C:\Users\minusjiang\.cursor\projects\d-GitHub-shadow-folk\mcps\user-shadow-folk\tools\get_memories_for_summary.json, C:\Users\minusjiang\.cursor\projects\d-GitHub-shadow-folk\mcps\user-shadow-folk\tools\get_memory_stats.json, C:\Users\minusjiang\.cursor\projects\d-GitHub-shadow-folk\mcps\user-shadow-folk\tools\get_projects.json, C:\Users\minusjiang\.cursor\projects\d-GitHub-shadow-folk\mcps\user-shadow-folk\tools\get_project_members.json, C:\Users\minusjiang\.cursor\projects\d-GitHub-shadow-folk\mcps\user-shadow-folk\tools\get_project_tasks.json, C:\Users\minusjiang\.cursor\projects\d-GitHub-shadow-folk\mcps\user-shadow-folk\tools\get_shadow.json, C:\Users\minusjiang\.cursor\projects\d-GitHub-shadow-folk\mcps\user-shadow-folk\tools\get_tasks.json, C:\Users\minusjiang\.cursor\projects\d-GitHub-shadow-folk\mcps\user-shadow-folk\tools\search_knowledge.json, C:\Users\minusjiang\.cursor\projects\d-GitHub-shadow-folk\mcps\user-shadow-folk\tools\search_memory.json, C:\Users\minusjiang\.cursor\projects\d-GitHub-shadow-folk\mcps\user-shadow-folk\tools\search_memory_like.json, C:\Users\minusjiang\.cursor\projects\d-GitHub-shadow-folk\mcps\user-shadow-folk\tools\search_project_memories.json, D:\GitHub\shadow-folk\shadow-task-summerizer-repo\shadowfolk-query-mcp","packages/server/src/mcp/server.ts, packages/server/src/index.ts, packages/server/src/mcp/tools.ts, packages/server/src/mcp/handlers.ts, packages/server/src/mcp/factory.ts, packages/server/src/mcp/http.ts, doc/mcp-security-design.md, package.json, Nginx 配置（新增 /mcp location，若选择 /mcp + SSE 方案）, Cursor MCP 客户端配置（URL 与 Authorization 头，令牌已脱敏为 [REDACTED]）, 后端 MCP 路由配置（/mcp 或 /api/mcp）, server.ts, http.ts, src/index.ts, src/mcp/server.ts",,0,0,2026-03-30T12:30:22.744Z,1774873822744,用户的深层目的是梳理 TOF 与 MCP 的职责边界，减少本地依赖，让 Cursor 能直接访问服务端能力。
1329,mem-1774872080264-6o663h,d:/github/shadow-folk,用户想把 ShadowFolk 的 MCP 服务从现有 stdio/转发方式梳理并改造成更合适的 HTTP 接入方案。,调研了 MCP SDK 的服务端能力与最新版本，检查了开发环境中的健康检查、Nginx 反向代理、Docker 运行情况，以及本地/全局 MCP 配置和项目结构。,关键结论是当前“远程模式”本质上仍是本地 stdio 包一层 HTTP 转发；在现有开发环境下，更推荐服务端新增统一 MCP HTTP 入口并优先采用 JSON 模式，而不是先上 SSE。,完成了对 stdio 与 HTTP 两种方案的对比分析，确认了开发环境可用性，并给出了基于 Bearer 认证、无状态、服务端实现的推荐接入方案。,先实现服务端 `/api/mcp` 的 JSON 模式并联通现有工具；完成后再按是否需要流式能力评估是否增加 SSE 支持。,"node_modules/@modelcontextprotocol/sdk/dist/esm/server, /opt/shadow-folk/dev/nginx/nginx.conf, /opt/shadow-folk/dev/nginx.conf, /opt/shadow-folk/dev/nginx.dev.conf, %USERPROFILE%/.cursor/mcp.json, C:\Users\minusjiang\.cursor\projects\d-GitHub-shadow-folk\mcps\user-shadow-folk\SERVER_METADATA.json, C:\Users\minusjiang\.cursor\projects\d-GitHub-shadow-folk\mcps\user-shadow-folk\tools\get_memories.json, C:\Users\minusjiang\.cursor\projects\d-GitHub-shadow-folk\mcps\user-shadow-folk\tools\get_memories_for_summary.json, C:\Users\minusjiang\.cursor\projects\d-GitHub-shadow-folk\mcps\user-shadow-folk\tools\get_memory_stats.json, C:\Users\minusjiang\.cursor\projects\d-GitHub-shadow-folk\mcps\user-shadow-folk\tools\get_projects.json, C:\Users\minusjiang\.cursor\projects\d-GitHub-shadow-folk\mcps\user-shadow-folk\tools\get_project_members.json, C:\Users\minusjiang\.cursor\projects\d-GitHub-shadow-folk\mcps\user-shadow-folk\tools\get_project_tasks.json, C:\Users\minusjiang\.cursor\projects\d-GitHub-shadow-folk\mcps\user-shadow-folk\tools\get_shadow.json, C:\Users\minusjiang\.cursor\projects\d-GitHub-shadow-folk\mcps\user-shadow-folk\tools\get_tasks.json, C:\Users\minusjiang\.cursor\projects\d-GitHub-shadow-folk\mcps\user-shadow-folk\tools\search_knowledge.json, C:\Users\minusjiang\.cursor\projects\d-GitHub-shadow-folk\mcps\user-shadow-folk\tools\search_memory.json, C:\Users\minusjiang\.cursor\projects\d-GitHub-shadow-folk\mcps\user-shadow-folk\tools\search_memory_like.json, C:\Users\minusjiang\.cursor\projects\d-GitHub-shadow-folk\mcps\user-shadow-folk\tools\search_project_memories.json, D:\GitHub\shadow-folk\shadow-task-summerizer-repo\shadowfolk-query-mcp","packages/server/src/mcp/server.ts, packages/server/src/index.ts, packages/server/src/mcp/tools.ts, packages/server/src/mcp/handlers.ts, packages/server/src/mcp/factory.ts, packages/server/src/mcp/http.ts, doc/mcp-security-design.md, package.json, Nginx 配置（新增 /mcp location，若选择 /mcp + SSE 方案）, Cursor MCP 客户端配置（URL 与 Authorization 头，令牌已脱敏为 [REDACTED]）, 后端 MCP 路由配置（/mcp 或 /api/mcp）, server.ts, http.ts",,0,0,2026-03-30T12:29:27.775Z,1774873767775,用户的深层目的是以更简单、稳定、易部署的方式完成 MCP 服务接入，并减少代理层和运维改动成本。
1328,mem-1774872080264-6o663h,d:/github/shadow-folk,用户想把当前基于 stdio 的 MCP 服务改造成更适合远程接入的 HTTP/JSON 模式，并确认开发环境中的接入与反向代理方案。,排查了 MCP SDK 的服务端能力与版本、现有项目和工具清单、开发服务器健康状态，以及 Nginx 和 Docker 环境对 MCP 接入的支持情况。,关键结论是当前“远程模式”本质上仍是本地 stdio 包装 HTTP 调用，并不是真正的远程 MCP；在现阶段开发环境下，优先采用 HTTP 的 JSON 模式比 SSE 更简单稳妥。,完成了 stdio 与 HTTP 两种 MCP 方案的对比分析，给出了从 stdio 迁移到 HTTP 的改造建议，并结合现有开发环境提出了反向代理接入思路。,先实现并验证 HTTP/JSON 版 MCP 服务接口；再补充 Nginx 反向代理与客户端配置联调，确认后再考虑是否需要 SSE 流式能力。,"node_modules/@modelcontextprotocol/sdk, node_modules/@modelcontextprotocol/sdk/dist/esm/server, /opt/shadow-folk/dev/nginx/nginx.conf, /opt/shadow-folk/dev/nginx.conf, /opt/shadow-folk/dev/nginx.dev.conf, %USERPROFILE%/.cursor/mcp.json, C:\Users\minusjiang\.cursor\projects\d-GitHub-shadow-folk\mcps\user-shadow-folk\SERVER_METADATA.json, C:\Users\minusjiang\.cursor\projects\d-GitHub-shadow-folk\mcps\user-shadow-folk\tools\get_memories.json, C:\Users\minusjiang\.cursor\projects\d-GitHub-shadow-folk\mcps\user-shadow-folk\tools\get_memories_for_summary.json, C:\Users\minusjiang\.cursor\projects\d-GitHub-shadow-folk\mcps\user-shadow-folk\tools\get_memory_stats.json, C:\Users\minusjiang\.cursor\projects\d-GitHub-shadow-folk\mcps\user-shadow-folk\tools\get_projects.json, C:\Users\minusjiang\.cursor\projects\d-GitHub-shadow-folk\mcps\user-shadow-folk\tools\get_project_members.json, C:\Users\minusjiang\.cursor\projects\d-GitHub-shadow-folk\mcps\user-shadow-folk\tools\get_project_tasks.json, C:\Users\minusjiang\.cursor\projects\d-GitHub-shadow-folk\mcps\user-shadow-folk\tools\get_shadow.json, C:\Users\minusjiang\.cursor\projects\d-GitHub-shadow-folk\mcps\user-shadow-folk\tools\get_tasks.json, C:\Users\minusjiang\.cursor\projects\d-GitHub-shadow-folk\mcps\user-shadow-folk\tools\search_knowledge.json, C:\Users\minusjiang\.cursor\projects\d-GitHub-shadow-folk\mcps\user-shadow-folk\tools\search_memory.json, C:\Users\minusjiang\.cursor\projects\d-GitHub-shadow-folk\mcps\user-shadow-folk\tools\search_memory_like.json, C:\Users\minusjiang\.cursor\projects\d-GitHub-shadow-folk\mcps\user-shadow-folk\tools\search_project_memories.json, D:\GitHub\shadow-folk\shadow-task-summerizer-repo\shadowfolk-query-mcp","packages/server/src/mcp/server.ts, packages/server/src/index.ts, packages/server/src/mcp/tools.ts, packages/server/src/mcp/handlers.ts, packages/server/src/mcp/factory.ts, packages/server/src/mcp/http.ts, doc/mcp-security-design.md, package.json, Nginx 配置（新增 /mcp location，若选择 /mcp + SSE 方案）, Cursor MCP 客户端配置（URL 与 Authorization 头，令牌已脱敏为 [REDACTED]）, 后端 MCP 路由配置（/mcp 或 /api/mcp）, server.ts, http.ts",,0,0,2026-03-30T12:28:58.035Z,1774873738035,用户希望把 MCP 服务标准化为更清晰的远程调用架构，降低接入复杂度，并为后续在开发/生产环境稳定部署做准备。
1327,mem-1774872080264-6o663h,d:/github/shadow-folk,用户希望先在开发环境把现有 MCP 服务改成 HTTP 模式，并同步修改 shadowfolk-query-mcp 仓库，做到可直接使用并可推送部署。,排查了 MCP SDK 是否支持 HTTP 服务端实现，查看了现有 ShadowFolk MCP 与 shadowfolk-query-mcp 的项目结构，并检查了开发服上的健康检查、Nginx 反向代理和容器运行情况。,已确认可基于 SDK 提供的 HTTP 服务能力将 stdio 方案迁移为 HTTP；开发环境更适合通过反向代理挂载统一接口，优先采用普通 JSON/HTTP 方式而非 SSE。,完成了技术方案分析，确认了开发服接入方式与改造方向，并核对了相关服务配置与仓库基础情况。,在开发分支中实现 MCP HTTP 服务端与客户端配置改造；完成开发服反向代理和部署验证后，再推送并联调可用性。,"node_modules/@modelcontextprotocol/sdk/dist/server/, node_modules/@modelcontextprotocol/sdk, node_modules/@modelcontextprotocol/sdk/dist/esm/server, /opt/shadow-folk/dev/nginx/nginx.conf, /opt/shadow-folk/dev/nginx.conf, /opt/shadow-folk/dev/nginx.dev.conf, %USERPROFILE%/.cursor/mcp.json, C:\Users\minusjiang\.cursor\projects\d-GitHub-shadow-folk\mcps\user-shadow-folk\SERVER_METADATA.json, C:\Users\minusjiang\.cursor\projects\d-GitHub-shadow-folk\mcps\user-shadow-folk\tools\get_memories.json, C:\Users\minusjiang\.cursor\projects\d-GitHub-shadow-folk\mcps\user-shadow-folk\tools\get_memories_for_summary.json, C:\Users\minusjiang\.cursor\projects\d-GitHub-shadow-folk\mcps\user-shadow-folk\tools\get_memory_stats.json, C:\Users\minusjiang\.cursor\projects\d-GitHub-shadow-folk\mcps\user-shadow-folk\tools\get_projects.json, C:\Users\minusjiang\.cursor\projects\d-GitHub-shadow-folk\mcps\user-shadow-folk\tools\get_project_members.json, C:\Users\minusjiang\.cursor\projects\d-GitHub-shadow-folk\mcps\user-shadow-folk\tools\get_project_tasks.json, C:\Users\minusjiang\.cursor\projects\d-GitHub-shadow-folk\mcps\user-shadow-folk\tools\get_shadow.json, C:\Users\minusjiang\.cursor\projects\d-GitHub-shadow-folk\mcps\user-shadow-folk\tools\get_tasks.json, C:\Users\minusjiang\.cursor\projects\d-GitHub-shadow-folk\mcps\user-shadow-folk\tools\search_knowledge.json, C:\Users\minusjiang\.cursor\projects\d-GitHub-shadow-folk\mcps\user-shadow-folk\tools\search_memory.json, C:\Users\minusjiang\.cursor\projects\d-GitHub-shadow-folk\mcps\user-shadow-folk\tools\search_memory_like.json, C:\Users\minusjiang\.cursor\projects\d-GitHub-shadow-folk\mcps\user-shadow-folk\tools\search_project_memories.json, D:\GitHub\shadow-folk\shadow-task-summerizer-repo\shadowfolk-query-mcp","packages/server/src/mcp/server.ts, packages/server/src/index.ts, packages/server/src/mcp/tools.ts, packages/server/src/mcp/handlers.ts, packages/server/src/mcp/factory.ts, packages/server/src/mcp/http.ts, doc/mcp-security-design.md, package.json, Nginx 配置（新增 /mcp location，若选择 /mcp + SSE 方案）, Cursor MCP 客户端配置（URL 与 Authorization 头，令牌已脱敏为 [REDACTED]）, 后端 MCP 路由配置（/mcp 或 /api/mcp）, server.ts, http.ts",本次记录里未看到实际代码提交或部署完成结果，后续需补充落地执行。,0,0,2026-03-30T12:28:15.685Z,1774873695685,用户的核心目标是把当前偏本地/stdio 的 MCP 接入改造成更易部署、可远程直连、在开发服可稳定运行的 HTTP 化方案。
1326,mem-1774872080264-6o663h,d:/github/shadow-folk,用户希望把现有 MCP 服务从 stdio 模式改成 HTTP 模式，并同步修改 shadowfolk-query-mcp 仓库，先在开发服务器完成可直接使用并部署好的版本。,排查了 MCP SDK 当前可用的服务端能力与版本，分析了从 stdio 迁移到 HTTP 的改造方案；同时检查了开发服上的服务健康状态、Nginx 反向代理配置、容器运行情况，以及现有 Cursor/MCP 配置和目标仓库结构。,关键结论是可以基于 SDK 自带的 HTTP 服务能力完成迁移；开发环境更适合通过反向代理挂载 HTTP 接口，优先采用更稳妥的 JSON/HTTP 接入方式而非依赖 SSE。,已完成技术路线评估、开发服接入方式判断、现有运行环境与配置摸底，以及目标仓库的结构确认；同时澄清了现有“远程模式”本质上并不是真正的 HTTP MCP 服务。,按已确认方案改造服务端为 HTTP MCP，并同步更新 shadowfolk-query-mcp 的调用与配置；随后在开发服完成反向代理配置、启动验证与实际联通测试，再 push 部署。,"node_modules/@modelcontextprotocol/sdk/dist/server/, node_modules/@modelcontextprotocol/sdk/server/, node_modules/@modelcontextprotocol/sdk, node_modules/@modelcontextprotocol/sdk/dist/esm/server, /opt/shadow-folk/dev/nginx/nginx.conf, /opt/shadow-folk/dev/nginx.conf, /opt/shadow-folk/dev/nginx.dev.conf, %USERPROFILE%/.cursor/mcp.json, C:\Users\minusjiang\.cursor\projects\d-GitHub-shadow-folk\mcps\user-shadow-folk\SERVER_METADATA.json, C:\Users\minusjiang\.cursor\projects\d-GitHub-shadow-folk\mcps\user-shadow-folk\tools\get_memories.json, C:\Users\minusjiang\.cursor\projects\d-GitHub-shadow-folk\mcps\user-shadow-folk\tools\get_memories_for_summary.json, C:\Users\minusjiang\.cursor\projects\d-GitHub-shadow-folk\mcps\user-shadow-folk\tools\get_memory_stats.json, C:\Users\minusjiang\.cursor\projects\d-GitHub-shadow-folk\mcps\user-shadow-folk\tools\get_projects.json, C:\Users\minusjiang\.cursor\projects\d-GitHub-shadow-folk\mcps\user-shadow-folk\tools\get_project_members.json, C:\Users\minusjiang\.cursor\projects\d-GitHub-shadow-folk\mcps\user-shadow-folk\tools\get_project_tasks.json, C:\Users\minusjiang\.cursor\projects\d-GitHub-shadow-folk\mcps\user-shadow-folk\tools\get_shadow.json, C:\Users\minusjiang\.cursor\projects\d-GitHub-shadow-folk\mcps\user-shadow-folk\tools\get_tasks.json, C:\Users\minusjiang\.cursor\projects\d-GitHub-shadow-folk\mcps\user-shadow-folk\tools\search_knowledge.json, C:\Users\minusjiang\.cursor\projects\d-GitHub-shadow-folk\mcps\user-shadow-folk\tools\search_memory.json, C:\Users\minusjiang\.cursor\projects\d-GitHub-shadow-folk\mcps\user-shadow-folk\tools\search_memory_like.json, C:\Users\minusjiang\.cursor\projects\d-GitHub-shadow-folk\mcps\user-shadow-folk\tools\search_project_memories.json, D:\GitHub\shadow-folk\shadow-task-summerizer-repo\shadowfolk-query-mcp","packages/server/src/mcp/server.ts, packages/server/src/index.ts, packages/server/src/mcp/tools.ts, packages/server/src/mcp/handlers.ts, packages/server/src/mcp/factory.ts, packages/server/src/mcp/http.ts, doc/mcp-security-design.md, package.json, Nginx 配置（新增 /mcp location，若选择 /mcp + SSE 方案）, Cursor MCP 客户端配置（URL 与 Authorization 头，令牌已脱敏为 [REDACTED]）, 后端 MCP 路由配置（/mcp 或 /api/mcp）, server.ts, http.ts",本次记录里最后一次代理响应为空，说明实施改造与部署动作可能尚未真正执行完成。,0,0,2026-03-30T12:27:59.505Z,1774873679505,用户的核心目标是把当前偏本地进程通信的 MCP 接入方式，升级为可远程访问、易部署、能在开发环境先落地验证的 HTTP 化服务。
1325,mem-1774872080264-6o663h,d:/github/shadow-folk,用户希望把现有 MCP 从 stdio/本地转发方式改成直接 HTTP 模式，并同步改造 shadowfolk-query-mcp 仓库，先在开发服完成可用部署并推送上线。,排查了 MCP SDK 当前可用的服务端能力与版本情况，分析了 ShadowFolk 服务改成 HTTP 的实现方案，并检查了开发服上的健康检查、Nginx 反向代理、容器运行状态以及本地 Cursor 的 MCP 配置方式。,关键结论是：可基于 SDK 提供的 HTTP 服务能力把 MCP 直接暴露为 HTTP；开发环境更适合走 Nginx 反代下的 API 路径与 JSON 模式，落地成本更低、可直接接入。,已完成对迁移方案、依赖可行性、开发服接入方式和部署前置条件的调研，并确认了 shadowfolk-query-mcp 项目结构与现有安装/配置现状。,在两个相关仓库中实现 HTTP 模式并保留必要兼容；随后在开发服更新反向代理与服务配置，完成联调、健康检查和部署验证后再推送。,"node_modules/@modelcontextprotocol/sdk/dist/server/, node_modules/@modelcontextprotocol/sdk/server/, node_modules/@modelcontextprotocol/sdk, node_modules/@modelcontextprotocol/sdk/dist/esm/server, /opt/shadow-folk/dev/nginx/nginx.conf, /opt/shadow-folk/dev/nginx.conf, /opt/shadow-folk/dev/nginx.dev.conf, %USERPROFILE%/.cursor/mcp.json, C:\Users\minusjiang\.cursor\projects\d-GitHub-shadow-folk\mcps\user-shadow-folk\SERVER_METADATA.json, C:\Users\minusjiang\.cursor\projects\d-GitHub-shadow-folk\mcps\user-shadow-folk\tools\get_memories.json, C:\Users\minusjiang\.cursor\projects\d-GitHub-shadow-folk\mcps\user-shadow-folk\tools\get_memories_for_summary.json, C:\Users\minusjiang\.cursor\projects\d-GitHub-shadow-folk\mcps\user-shadow-folk\tools\get_memory_stats.json, C:\Users\minusjiang\.cursor\projects\d-GitHub-shadow-folk\mcps\user-shadow-folk\tools\get_projects.json, C:\Users\minusjiang\.cursor\projects\d-GitHub-shadow-folk\mcps\user-shadow-folk\tools\get_project_members.json, C:\Users\minusjiang\.cursor\projects\d-GitHub-shadow-folk\mcps\user-shadow-folk\tools\get_project_tasks.json, C:\Users\minusjiang\.cursor\projects\d-GitHub-shadow-folk\mcps\user-shadow-folk\tools\get_shadow.json, C:\Users\minusjiang\.cursor\projects\d-GitHub-shadow-folk\mcps\user-shadow-folk\tools\get_tasks.json, C:\Users\minusjiang\.cursor\projects\d-GitHub-shadow-folk\mcps\user-shadow-folk\tools\search_knowledge.json, C:\Users\minusjiang\.cursor\projects\d-GitHub-shadow-folk\mcps\user-shadow-folk\tools\search_memory.json, C:\Users\minusjiang\.cursor\projects\d-GitHub-shadow-folk\mcps\user-shadow-folk\tools\search_memory_like.json, C:\Users\minusjiang\.cursor\projects\d-GitHub-shadow-folk\mcps\user-shadow-folk\tools\search_project_memories.json, D:\GitHub\shadow-folk\shadow-task-summerizer-repo\shadowfolk-query-mcp","packages/server/src/mcp/server.ts, packages/server/src/index.ts, packages/server/src/mcp/tools.ts, packages/server/src/mcp/handlers.ts, packages/server/src/mcp/factory.ts, packages/server/src/mcp/http.ts, doc/mcp-security-design.md, package.json, Nginx 配置（新增 /mcp location，若选择 /mcp + SSE 方案）, Cursor MCP 客户端配置（URL 与 Authorization 头，令牌已脱敏为 [REDACTED]）, 后端 MCP 路由配置（/mcp 或 /api/mcp）, server.ts, http.ts",,0,0,2026-03-30T12:26:56.955Z,1774873616955,用户的深层目标是把当前偏本地/进程式的 MCP 接入改造成更标准、可部署、可远程访问的 HTTP 服务形态，降低接入复杂度并尽快在开发环境验证上线链路。
1324,mem-1774872080264-6o663h,d:/github/shadow-folk,用户想确认：MCP 里的 stdio 是否也能连接远端，还是只能用于本地进程间通信。,对比了 MCP 的 stdio 与 HTTP 两种传输方式，查看了 SDK 当前可用的服务端能力，并结合开发环境中的反向代理与远程服务接入方式做了可行性分析。,关键结论是：stdio 本质上是本地父子进程/进程间标准输入输出通道，不适合作为天然远程传输；远端接入通常应使用 HTTP/SSE，或通过 SSH 把远程进程“桥接”成本地 stdio。另一个发现是，现有远程模式更像“stdio 外壳 + HTTP 数据源”，因此更适合直接演进为正式的 HTTP MCP 接口。,已澄清 stdio 与远端连接的关系，给出了 stdio、HTTP 的适用场景对比，并补充了开发环境下推荐的 MCP 接入思路与双模式保留建议。,如果要支持真正远程 MCP，优先实现 HTTP/Streamable HTTP 接口。若仍需兼容本地工具链，可继续保留 stdio 作为本地模式，形成双传输方案。,"node_modules/@modelcontextprotocol/sdk/dist/server/, node_modules/@modelcontextprotocol/sdk/server/, node_modules/@modelcontextprotocol/sdk, node_modules/@modelcontextprotocol/sdk/dist/esm/server, /opt/shadow-folk/dev/nginx/nginx.conf, /opt/shadow-folk/dev/nginx.conf, /opt/shadow-folk/dev/nginx.dev.conf","packages/server/src/mcp/server.ts, packages/server/src/index.ts, packages/server/src/mcp/tools.ts, packages/server/src/mcp/handlers.ts, packages/server/src/mcp/factory.ts, packages/server/src/mcp/http.ts, doc/mcp-security-design.md, package.json, Nginx 配置（新增 /mcp location，若选择 /mcp + SSE 方案）, Cursor MCP 客户端配置（URL 与 Authorization 头，令牌已脱敏为 [REDACTED]）, 后端 MCP 路由配置（/mcp 或 /api/mcp）, server.ts, http.ts",,0,0,2026-03-30T12:22:19.448Z,1774873339448,用户的深层目的是理解 MCP 传输层边界，并为本地/远程接入方案选型，避免对 stdio 能力产生误解。
1323,mem-1774872080264-6o663h,d:/github/shadow-folk,用户想比较 stdio 和 HTTP 请求两种 MCP 通信方式的优劣，并判断在当前开发环境中该选哪种更合适。,排查了 MCP SDK 当前可用的服务端能力与版本，分析了把现有服务从 stdio 改为 HTTP 的改造方案，并检查了开发环境中的服务连通性、反向代理和容器运行情况。,结论是 stdio 更适合本地、简单、直连场景；HTTP 更适合远程接入、经由 Nginx/网关转发和多客户端访问。当前开发服更推荐走 /api/mcp 的 JSON 模式，SSE 方案可行但对代理配置要求更高。,完成了 stdio 与 HTTP 的场景对比，给出了从 stdio 迁移到 HTTP 的实现思路，并结合开发服现状提出了接入建议。,如果主要是本地工具调用，继续用 stdio；如果要给前端、远程环境或网关统一接入，按 HTTP 方案推进。开发环境优先采用 /api/mcp 的 JSON 接口，确认稳定后再评估是否需要 SSE。,"node_modules/@modelcontextprotocol/sdk/dist/server/, node_modules/@modelcontextprotocol/sdk/server/, node_modules/@modelcontextprotocol/sdk, node_modules/@modelcontextprotocol/sdk/dist/esm/server, /opt/shadow-folk/dev/nginx/nginx.conf, /opt/shadow-folk/dev/nginx.conf, /opt/shadow-folk/dev/nginx.dev.conf","packages/server/src/mcp/server.ts, packages/server/src/index.ts, packages/server/src/mcp/tools.ts, packages/server/src/mcp/handlers.ts, packages/server/src/mcp/factory.ts, packages/server/src/mcp/http.ts, doc/mcp-security-design.md, package.json, Nginx 配置（新增 /mcp location，若选择 /mcp + SSE 方案）, Cursor MCP 客户端配置（URL 与 Authorization 头，令牌已脱敏为 [REDACTED]）, 后端 MCP 路由配置（/mcp 或 /api/mcp）",,0,0,2026-03-30T12:20:01.773Z,1774873201773,用户本质上是想为现有 MCP 服务选择一种更容易部署、调试和接入前端/远程环境的通信方案。
1322,mem-1774872080264-6o663h,d:/github/shadow-folk,用户想确认在开发环境下接入 MCP 时，是否只需要把地址改成开发服的 URL，还是还需要调整其他配置。,排查了 MCP SDK 的服务端实现与版本情况，分析了将现有 MCP Server 从 stdio 攆为 HTTP 的可行方案，并检查了开发环境中的服务健康状态、反向代理和容器运行情况。,关键点是开发服不一定只是“换个 URL”，前提是服务端本身已经以 HTTP 方式暴露并且开发环境的反向代理与转发链路配置正确。另一个发现是当前 SDK 已提供可用于 HTTP 化的服务端能力，因此改造方向明确可行。,确认了 SDK 侧支持 HTTP 服务化的实现方向，验证了开发环境服务可达性，并查看了开发环境反向代理配置以判断接入条件。,先确认开发服上的 MCP Server 是否已经以 HTTP 方式对外提供接口；如果没有，需要先完成服务端改造而不只是替换地址。随后再核对开发环境域名、反向代理和健康检查配置是否与客户端接入方式一致。,"node_modules/@modelcontextprotocol/sdk/dist/server/, node_modules/@modelcontextprotocol/sdk/server/, node_modules/@modelcontextprotocol/sdk, node_modules/@modelcontextprotocol/sdk/dist/esm/server, /opt/shadow-folk/dev/nginx/nginx.conf, /opt/shadow-folk/dev/nginx.conf, /opt/shadow-folk/dev/nginx.dev.conf","packages/server/src/mcp/server.ts, packages/server/src/index.ts, packages/server/src/mcp/tools.ts, packages/server/src/mcp/handlers.ts, packages/server/src/mcp/factory.ts, packages/server/src/mcp/http.ts, doc/mcp-security-design.md, package.json",,0,0,2026-03-30T12:18:45.282Z,1774873125282,用户本质上是在确认开发环境接入 MCP 的最小改动范围，避免误以为只改地址即可而忽略服务协议和部署链路差异。
1321,mem-1774872080264-6o663h,d:/github/shadow-folk,用户想确认 @shadowfolk-query-mcp 如果要支持基于 HTTP 的 MCP，需要做哪些改造与依赖调整。,排查了已安装的 MCP SDK 包结构与服务端导出能力，确认当前可用的服务端传输相关实现；同时查询了该 SDK 的最新 npm 版本用于判断是否需要升级配合。,当前排查重点在于 SDK 是否已提供 HTTP 相关服务端能力，而不是仅限 stdio 方式；另一个关键发现是可参考最新发布版本评估兼容性与升级路径。,完成了对 MCP SDK 安装内容的结构性摸查，核对了服务端分发内容，并确认了该包当时可见的最新版本信息。,结合当前项目实现，确认现有传输层是否写死为 stdio；再根据 SDK 提供的服务端能力设计 HTTP 入口、请求转发与兼容方案。,"node_modules/@modelcontextprotocol/sdk/dist/server/, node_modules/@modelcontextprotocol/sdk/server/, node_modules/@modelcontextprotocol/sdk, node_modules/@modelcontextprotocol/sdk/dist/esm/server",,,0,0,2026-03-30T12:04:30.916Z,1774872270916,用户希望让现有 MCP 服务从本地进程通信扩展到可通过 HTTP 暴露，以便接入更多客户端或部署场景。
1319,mem-1774678349332-nm78cx,d:/github/shadow-folk,用户想搜索 minusjiang 在 dpar 仓库中的工作记忆，并确认相关跨用户记忆检索是否可用。,排查了远程开发环境中的数据库与日志，核对人员、组织和项目成员关系，并检查了记忆搜索相关的服务端实现与查询流程。,开发环境里实际可用的是主数据库，部分影子数据库为空；同时已修复记忆搜索能力，使其支持跨用户搜索。,完成了远程数据与日志核查，修改并提交了记忆搜索相关后端逻辑，且已将分支推送到远程仓库。,建议实际用 minusjiang 和 dpar 条件跑一次记忆检索验证结果；如仍无结果，再补查该仓库关联关系与历史写入是否完整。,"/opt/shadow-folk/dev/data/shadow.db, /tmp/tmp-query.sh, /opt/shadow-folk/dev/data/, /opt/shadow-folk/dev/data/sqlite.db, tmp-query.sql, /tmp/tmp-query.sql, /opt/shadow-folk/dev/docker-compose.dev.yml","tmp-query.sh, /tmp/tmp-query.sh, d:\GitHub\shadow-folk\tmp-query.sql, d:\GitHub\shadow-folk\packages\server\src\mcp\server.ts, d:\GitHub\shadow-folk\packages\server\src\api\push.ts, d:\GitHub\shadow-folk\packages\server\src\services\shadow.service.ts, packages/server/src/mcp/server.ts, packages/server/src/api/push.ts, packages/server/src/services/shadow.service.ts",,0,0,2026-03-30T08:09:19.913Z,1774858159913,用户的深层目的是打通并验证“按他人身份/范围检索工作记忆”的能力，以便查询特定成员在目标仓库中的工作记录。
1318,mem-1774678349332-nm78cx,d:/github/shadow-folk,用户想排查为什么“yuantongliu”仍然查不到，并希望通过查看日志定位问题。,检查了开发环境日志中的 memory search 行为，并结合当前分支改动、最近提交和部署状态，确认查询链路相关的权限与项目访问逻辑是否已生效。,关键发现是系统最近已统一项目访问权限逻辑并完成开发环境部署；同时日志排查聚焦在查询/记忆检索行为本身，说明问题更可能与检索命中条件、数据归属或访问范围有关。,完成了日志排查、核对了近期权限架构相关改动与部署情况，并补充查看了当前可访问项目范围及相关记忆检索结果。,建议直接针对“yuantongliu”构造一次完整查询并对照日志看是否进入检索链路；若链路正常，再重点核查该数据是否落在当前可访问项目/组织范围内及索引是否已更新。,"packages/server/src/api/projects.ts, packages/server/src/api/push.ts, packages/server/src/api/shadows.ts, packages/server/src/mcp/server.ts, docker-compose.dev.yml, .env.local, deploy-dev.sh, Dockerfile, Dockerfile.nginx, package.json, pnpm-lock.yaml, pnpm-workspace.yaml, tsconfig.base.json, packages/shared/package.json, packages/shared/tsconfig.json, packages/llm/package.json, packages/llm/tsconfig.json, packages/server/package.json, packages/server/tsconfig.json, packages/web/package.json, /opt/shadow-folk/dev/docker-compose.dev.yml","d:\GitHub\shadow-folk\packages\server\src\api\push.ts, d:\GitHub\shadow-folk\packages\server\src\api\shadows.ts, packages/server/src/api/projects.ts, packages/server/src/api/push.ts, packages/server/src/api/shadows.ts, packages/server/src/mcp/server.ts, doc/BadCase/002-get-projects-missing-child-projects.md, doc/roadmap.html, doc/specs/, packages/server/src/services/project-access.service.ts, doc/specs/2026-03-28-project-access-service-design.md, mcp/server.ts, api/projects.ts, api/push.ts, api/shadows.ts, TankBattleManager.lua, TankProjectile.lua, OGCGameCharacter.lua, BP_TankPawn, BP_EnemyTank, BP_TankBullet, BP_TankBattleGameMode, MoePortalBase.cpp, LetsGoPublicAssetsLoader.cpp, map.json, C:\Users\minusjiang\.cursor\projects\d-GitHub-shadow-folk\assets\c__Users_minusjiang_AppData_Roaming_Cursor_User_workspaceStorage_2d8d5f7f52bf4ed0972b2253bfa6608f_images________17748574272842-23d89c62-1da3-4aa3-a374-4ed1fbcc6c74.png",,0,0,2026-03-30T08:00:35.790Z,1774857635790,用户的深层目的是确认“查不到人/记录”究竟是数据不存在、权限不可见，还是检索流程本身有异常，从而尽快恢复可查询性。
1317,mem-1774678349332-nm78cx,d:/github/shadow-folk,用户想确认 ziyadyao 在 tank 工程里是否编写了 C++，以及 AI 主要参与了哪些文件或模块的开发。,检索了 tank 相关项目记忆，重点查找坦克大战关卡设计、C++ 历史工作记录，以及 Lua/UnLua 与关卡上下文；同时查看了当前可访问项目与任务快照。,当前记忆中没有明确证据表明 ziyadyao 在该 tank 工程里写过 C++。与 tank 的 Lua、UnLua、关卡相关检索也未找到可直接支持“AI 主要写了哪些文件”的现成记录。,完成了针对项目记忆与上下文的定向检索，并确认现有记录不足以直接回答 C++ 参与情况和 AI 主要修改文件清单。,建议进一步直接检索仓库提交记录与作者信息，按语言类型统计相关改动。也可按 tank 关键词筛选提交与文件变更，定位 AI 实际参与的模块范围。,"packages/server/src/api/projects.ts, packages/server/src/api/push.ts, packages/server/src/api/shadows.ts, packages/server/src/mcp/server.ts, docker-compose.dev.yml, .env.local, deploy-dev.sh, Dockerfile, Dockerfile.nginx, package.json, pnpm-lock.yaml, pnpm-workspace.yaml, tsconfig.base.json, packages/shared/package.json, packages/shared/tsconfig.json, packages/llm/package.json, packages/llm/tsconfig.json, packages/server/package.json, packages/server/tsconfig.json, packages/web/package.json","d:\GitHub\shadow-folk\packages\server\src\api\push.ts, d:\GitHub\shadow-folk\packages\server\src\api\shadows.ts, packages/server/src/api/projects.ts, packages/server/src/api/push.ts, packages/server/src/api/shadows.ts, packages/server/src/mcp/server.ts, doc/BadCase/002-get-projects-missing-child-projects.md, doc/roadmap.html, doc/specs/, packages/server/src/services/project-access.service.ts, doc/specs/2026-03-28-project-access-service-design.md, mcp/server.ts, api/projects.ts, api/push.ts, api/shadows.ts",,0,0,2026-03-30T07:55:57.258Z,1774857357258,用户本质上是想追溯项目里某位成员与 AI 的实际技术贡献边界，判断代码归属和主要实现方式。
1315,mem-1774678349332-nm78cx,d:/github/shadow-folk,用户想推进并完成一轮后端权限与组织架构相关的服务端开发与提交。,排查了项目、推送和阴影等后端接口的改动范围；查看了最近提交记录、当前变更摘要与分支状态，以确认本次修改内容。,关键发现是服务端多处接口都涉及统一的项目访问权限校验；相关修复围绕 ProjectAccessService 展开，用于收敛原本分散的权限判断逻辑。,完成了服务端相关接口与 MCP 逻辑调整；暂存并提交了统一项目访问校验的修复；处理了一次提交失败后，最终将分支成功推送到远端。,建议补充权限回归测试，验证各接口在组织与项目维度下的访问行为；再发起代码审查，确认统一权限逻辑没有遗漏场景。,"packages/server/src/api/projects.ts, packages/server/src/api/push.ts, packages/server/src/api/shadows.ts, packages/server/src/mcp/server.ts","d:\GitHub\shadow-folk\packages\server\src\mcp\server.ts, d:\GitHub\shadow-folk\packages\server\src\api\projects.ts, d:\GitHub\shadow-folk\packages\server\src\api\push.ts, d:\GitHub\shadow-folk\packages\server\src\api\shadows.ts, packages/server/src/api/projects.ts, packages/server/src/api/push.ts, packages/server/src/api/shadows.ts, packages/server/src/mcp/server.ts, doc/BadCase/002-get-projects-missing-child-projects.md, doc/roadmap.html, doc/specs/, packages/server/src/services/project-access.service.ts, doc/specs/2026-03-28-project-access-service-design.md",,0,0,2026-03-30T06:15:33.658Z,1774851333658,用户的深层目的是统一权限架构、减少访问控制不一致问题，并将这批后端改动整理后同步到远端分支。
1314,mem-1774678349332-nm78cx,d:/github/shadow-folk,用户想确认并梳理 tank/UE Vibe Coding 相关上下文，以及定位项目列表与可见性异常的根因并给出改进方案。,检索了与 ClientTools、vibe coding、Unreal/tank、Continue 配置等相关的历史记忆；排查了项目成员、近期任务与项目可见性/权限模型，重点检查 MCP 的项目枚举与组织成员访问逻辑。,关键发现是现有记忆库中几乎没有相关历史记录；同时问题根因不是单纯父子项目关系，而是 get_projects 过度依赖 shadows，导致部分组织成员可见项目未被返回。,完成了原因分析与权限模型澄清，确认了 MCP 接口层的可见性缺陷；并产出了一份 BadCase 文档，同时提出以 ProjectAccessService 统一访问控制的改进方案。,先修复 get_projects / getJoinedProjects 的可见性口径，使组织成员项目能被正确枚举；再落地统一访问服务并补充相关测试，验证 tank 等项目可被 AI 正常发现。,".codebuddy/feature_list.json, .codebuddy/progress.md, .codebuddy/rules/AGENTS.md, docs/knowledge/mcp-tool-schema-400-fix.md, docs/specs/12.md, docs/specs/18.md, docs/specs/21.md, docs/specs/37.md, docs/specs/38.md, docs/specs/39.md, docs/specs/43.md, docs/specs/44.md, docs/specs/45.md, docs/specs/47.md, docs/specs/48.md, docs/specs/50.md, docs/specs/52.md, docs/specs/53.md, docs/specs/55.md, docs/specs/56.md, docs/specs/57.md, package.json, package-lock.json, src/__tests__/agents.test.ts, src/__tests__/checkpoint.test.ts, src/__tests__/cli-adapter.test.ts, src/__tests__/commands.test.ts, src/__tests__/export.test.ts, src/__tests__/fallback.test.ts","C:\Users\minusjiang\.cursor\projects\d-GitHub-shadow-folk/assets/c__Users_minusjiang_AppData_Roaming_Cursor_User_workspaceStorage_2d8d5f7f52bf4ed0972b2253bfa6608f_images_image-de60aa9a-e2fe-4d3e-ad14-f9d1a215a31f.png, C:\Users\minusjiang\.cursor\projects\d-GitHub-shadow-folk\assets\c__Users_minusjiang_AppData_Roaming_Cursor_User_workspaceStorage_2d8d5f7f52bf4ed0972b2253bfa6608f_images_image-49f6d81a-8129-4445-b966-cf6ac11177fb.png, C:\Users\minusjiang\.cursor\projects\d-GitHub-shadow-folk/assets/c__Users_minusjiang_AppData_Roaming_Cursor_User_workspaceStorage_2d8d5f7f52bf4ed0972b2253bfa6608f_images_image-1717e174-02ed-4bd1-9375-633c077dff6b.png, .codebuddy/feature_list.json, .codebuddy/progress.md, .codebuddy/rules/AGENTS.md, TODO.md, docs/knowledge/mcp-tool-schema-400-fix.md, docs/specs/12.md, docs/specs/18.md, docs/specs/21.md, docs/specs/37.md, docs/specs/38.md, docs/specs/39.md, docs/specs/43.md, docs/specs/44.md, docs/specs/45.md, docs/specs/47.md, docs/specs/48.md, docs/specs/50.md, docs/specs/52.md, docs/specs/53.md, docs/specs/55.md, docs/specs/56.md, docs/specs/57.md, package.json, package-lock.json, src/__tests__/agents.test.ts, src/__tests__/checkpoint.test.ts, src/__tests__/cli-adapter.test.ts, src/__tests__/commands.test.ts, src/__tests__/export.test.ts, src/__tests__/fallback.test.ts, doc/BadCase/ (proposed new case, not yet confirmed created), doc/BadCase/002-get-projects-missing-child-projects.md, d:\GitHub\shadow-folk\doc\BadCase\002-get-projects-missing-child-projects.md, packages/server/src/services/project-access.service.ts, batches.ts, memories.ts, search_project_memories, project-settings.ts",,0,0,2026-03-30T03:58:42.523Z,1774843122523,用户的深层目的是让 AI 能稳定获取正确的项目上下文与人员/项目信息，从而支持 Unreal AI 辅助开发和后续协作排障。
1313,mem-1774678349332-nm78cx,d:/github/shadow-folk,用户希望采用方案B，在保证数据正确的前提下完成代码修改、提交，并部署到开发服 CVM。,重点排查了项目可见性与权限模型，分析了 get_projects / getJoinedProjects 返回不完整的问题，并对组织成员、项目成员、shadow 机制之间的关系进行了梳理。,关键发现是问题不在父子项目层级，而在访问口径不一致：当前实现过度依赖 shadow，导致部分组织成员可见项目未被正确返回。基于此，已形成统一组织项目可见性与权限语义的方案设计，并倾向采用更集中的访问服务实现。,完成了相关代码与权限模型的调研，澄清了根因，输出了问题复盘/BadCase 文档，并整理了可执行的修复方案建议。,按方案B落地修改并补充数据正确性校验；随后完成提交并部署到开发服 CVM 进行验证。,".codebuddy/feature_list.json, .codebuddy/progress.md, .codebuddy/rules/AGENTS.md, docs/knowledge/mcp-tool-schema-400-fix.md, docs/specs/12.md, docs/specs/18.md, docs/specs/21.md, docs/specs/37.md, docs/specs/38.md, docs/specs/39.md, docs/specs/43.md, docs/specs/44.md, docs/specs/45.md, docs/specs/47.md, docs/specs/48.md, docs/specs/50.md, docs/specs/52.md, docs/specs/53.md, docs/specs/55.md, docs/specs/56.md, docs/specs/57.md, package.json, package-lock.json, src/__tests__/agents.test.ts, src/__tests__/checkpoint.test.ts, src/__tests__/cli-adapter.test.ts, src/__tests__/commands.test.ts, src/__tests__/export.test.ts, src/__tests__/fallback.test.ts","C:\Users\minusjiang\.cursor\projects\d-GitHub-shadow-folk/assets/c__Users_minusjiang_AppData_Roaming_Cursor_User_workspaceStorage_2d8d5f7f52bf4ed0972b2253bfa6608f_images_image-de60aa9a-e2fe-4d3e-ad14-f9d1a215a31f.png, C:\Users\minusjiang\.cursor\projects\d-GitHub-shadow-folk\assets\c__Users_minusjiang_AppData_Roaming_Cursor_User_workspaceStorage_2d8d5f7f52bf4ed0972b2253bfa6608f_images_image-49f6d81a-8129-4445-b966-cf6ac11177fb.png, C:\Users\minusjiang\.cursor\projects\d-GitHub-shadow-folk/assets/c__Users_minusjiang_AppData_Roaming_Cursor_User_workspaceStorage_2d8d5f7f52bf4ed0972b2253bfa6608f_images_image-1717e174-02ed-4bd1-9375-633c077dff6b.png, .codebuddy/feature_list.json, .codebuddy/progress.md, .codebuddy/rules/AGENTS.md, TODO.md, docs/knowledge/mcp-tool-schema-400-fix.md, docs/specs/12.md, docs/specs/18.md, docs/specs/21.md, docs/specs/37.md, docs/specs/38.md, docs/specs/39.md, docs/specs/43.md, docs/specs/44.md, docs/specs/45.md, docs/specs/47.md, docs/specs/48.md, docs/specs/50.md, docs/specs/52.md, docs/specs/53.md, docs/specs/55.md, docs/specs/56.md, docs/specs/57.md, package.json, package-lock.json, src/__tests__/agents.test.ts, src/__tests__/checkpoint.test.ts, src/__tests__/cli-adapter.test.ts, src/__tests__/commands.test.ts, src/__tests__/export.test.ts, src/__tests__/fallback.test.ts, doc/BadCase/ (proposed new case, not yet confirmed created), doc/BadCase/002-get-projects-missing-child-projects.md, d:\GitHub\shadow-folk\doc\BadCase\002-get-projects-missing-child-projects.md",本轮记录主要聚焦于方案评估与根因确认，尚未体现修改提交和部署已实际完成。,0,0,2026-03-30T03:57:56.062Z,1774843076062,用户的深层目标是尽快以风险可控的方式修复权限/可见性问题，确保线上前的数据口径正确，并完成可交付的开发闭环。
1312,mem-1774678349332-nm78cx,d:/github/shadow-folk,用户希望重新设计 get_projects 的可见性规则：只要对项目有权限就应返回，不应强依赖 shadow，并将组织视为项目之上的封装而非独立筛选条件。,排查了 org、project、shadow 之间的权限模型，以及 get_projects、getJoinedProjects 对项目可见性的实际查询口径；同时复核了此前把问题归因于父子项目/子项目枚举的判断。,关键发现是现有 get_projects 过度依赖 shadow 或特定关联条件，导致“有权限但没有创建过 shadow”的用户看不到项目。另一个结论是组织与项目应解耦，“我创建的项目”和“我被邀请的项目”本质上都应被统一视为项目集合。,完成了权限模型梳理，纠正了部分早先误判，并明确指出 get_projects 的设计问题在于查询口径不符合用户期望；同时沉淀了一个相关 BadCase 用于说明该类漏返回问题。,按“有项目权限即可返回”的原则重写 get_projects 查询逻辑，覆盖创建者与被邀请成员两类项目。再补充无 shadow 用户、组织成员与直接项目成员等场景的测试，验证组织封装不影响项目枚举。,".codebuddy/feature_list.json, .codebuddy/progress.md, .codebuddy/rules/AGENTS.md, docs/knowledge/mcp-tool-schema-400-fix.md, docs/specs/12.md, docs/specs/18.md, docs/specs/21.md, docs/specs/37.md, docs/specs/38.md, docs/specs/39.md, docs/specs/43.md, docs/specs/44.md, docs/specs/45.md, docs/specs/47.md, docs/specs/48.md, docs/specs/50.md, docs/specs/52.md, docs/specs/53.md, docs/specs/55.md, docs/specs/56.md, docs/specs/57.md, package.json, package-lock.json, src/__tests__/agents.test.ts, src/__tests__/checkpoint.test.ts, src/__tests__/cli-adapter.test.ts, src/__tests__/commands.test.ts, src/__tests__/export.test.ts, src/__tests__/fallback.test.ts","C:\Users\minusjiang\.cursor\projects\d-GitHub-shadow-folk/assets/c__Users_minusjiang_AppData_Roaming_Cursor_User_workspaceStorage_2d8d5f7f52bf4ed0972b2253bfa6608f_images_image-de60aa9a-e2fe-4d3e-ad14-f9d1a215a31f.png, C:\Users\minusjiang\.cursor\projects\d-GitHub-shadow-folk\assets\c__Users_minusjiang_AppData_Roaming_Cursor_User_workspaceStorage_2d8d5f7f52bf4ed0972b2253bfa6608f_images_image-49f6d81a-8129-4445-b966-cf6ac11177fb.png, C:\Users\minusjiang\.cursor\projects\d-GitHub-shadow-folk/assets/c__Users_minusjiang_AppData_Roaming_Cursor_User_workspaceStorage_2d8d5f7f52bf4ed0972b2253bfa6608f_images_image-1717e174-02ed-4bd1-9375-633c077dff6b.png, .codebuddy/feature_list.json, .codebuddy/progress.md, .codebuddy/rules/AGENTS.md, TODO.md, docs/knowledge/mcp-tool-schema-400-fix.md, docs/specs/12.md, docs/specs/18.md, docs/specs/21.md, docs/specs/37.md, docs/specs/38.md, docs/specs/39.md, docs/specs/43.md, docs/specs/44.md, docs/specs/45.md, docs/specs/47.md, docs/specs/48.md, docs/specs/50.md, docs/specs/52.md, docs/specs/53.md, docs/specs/55.md, docs/specs/56.md, docs/specs/57.md, package.json, package-lock.json, src/__tests__/agents.test.ts, src/__tests__/checkpoint.test.ts, src/__tests__/cli-adapter.test.ts, src/__tests__/commands.test.ts, src/__tests__/export.test.ts, src/__tests__/fallback.test.ts, doc/BadCase/ (proposed new case, not yet confirmed created), doc/BadCase/002-get-projects-missing-child-projects.md, d:\GitHub\shadow-folk\doc\BadCase\002-get-projects-missing-child-projects.md",,0,0,2026-03-30T03:52:56.033Z,1774842776033,用户的深层目的是统一并简化项目访问模型，让接口返回结果贴近真实权限，避免因历史设计耦合导致成员看不到自己应可访问的项目。
1311,mem-1774678349332-nm78cx,d:/github/shadow-folk,用户想确认并说明：成员是通过前端管理端的 add member 加入项目的，而 ziyadyao 无法通过其他方式管理成员。,排查了项目成员可见性、org/project 权限模型，以及前端展示与 MCP 查询结果不一致的问题；同时检查了 get_projects 与 joined project 返回逻辑是否漏掉成员项目。,关键发现是问题不在前端加成员本身，而在查询权限模型不一致：前端能显示成员关系，但 MCP 侧未完整返回对应项目。另一个结论是 ziyadyao 的成员管理入口依赖前端管理端，缺少其他可用管理路径。,完成了成员关系与权限模型的梳理，定位了 MCP 接口返回不全的问题，并形成了相关问题说明与 BadCase 文档。,建议补齐 MCP 对已加入项目的返回逻辑，确保与前端成员视图一致；同时明确成员管理的唯一入口或补充非前端的管理能力。,".codebuddy/feature_list.json, .codebuddy/progress.md, .codebuddy/rules/AGENTS.md, docs/knowledge/mcp-tool-schema-400-fix.md, docs/specs/12.md, docs/specs/18.md, docs/specs/21.md, docs/specs/37.md, docs/specs/38.md, docs/specs/39.md, docs/specs/43.md, docs/specs/44.md, docs/specs/45.md, docs/specs/47.md, docs/specs/48.md, docs/specs/50.md, docs/specs/52.md, docs/specs/53.md, docs/specs/55.md, docs/specs/56.md, docs/specs/57.md, package.json, package-lock.json, src/__tests__/agents.test.ts, src/__tests__/checkpoint.test.ts, src/__tests__/cli-adapter.test.ts, src/__tests__/commands.test.ts, src/__tests__/export.test.ts, src/__tests__/fallback.test.ts","C:\Users\minusjiang\.cursor\projects\d-GitHub-shadow-folk/assets/c__Users_minusjiang_AppData_Roaming_Cursor_User_workspaceStorage_2d8d5f7f52bf4ed0972b2253bfa6608f_images_image-de60aa9a-e2fe-4d3e-ad14-f9d1a215a31f.png, C:\Users\minusjiang\.cursor\projects\d-GitHub-shadow-folk\assets\c__Users_minusjiang_AppData_Roaming_Cursor_User_workspaceStorage_2d8d5f7f52bf4ed0972b2253bfa6608f_images_image-49f6d81a-8129-4445-b966-cf6ac11177fb.png, C:\Users\minusjiang\.cursor\projects\d-GitHub-shadow-folk/assets/c__Users_minusjiang_AppData_Roaming_Cursor_User_workspaceStorage_2d8d5f7f52bf4ed0972b2253bfa6608f_images_image-1717e174-02ed-4bd1-9375-633c077dff6b.png, .codebuddy/feature_list.json, .codebuddy/progress.md, .codebuddy/rules/AGENTS.md, TODO.md, docs/knowledge/mcp-tool-schema-400-fix.md, docs/specs/12.md, docs/specs/18.md, docs/specs/21.md, docs/specs/37.md, docs/specs/38.md, docs/specs/39.md, docs/specs/43.md, docs/specs/44.md, docs/specs/45.md, docs/specs/47.md, docs/specs/48.md, docs/specs/50.md, docs/specs/52.md, docs/specs/53.md, docs/specs/55.md, docs/specs/56.md, docs/specs/57.md, package.json, package-lock.json, src/__tests__/agents.test.ts, src/__tests__/checkpoint.test.ts, src/__tests__/cli-adapter.test.ts, src/__tests__/commands.test.ts, src/__tests__/export.test.ts, src/__tests__/fallback.test.ts, doc/BadCase/ (proposed new case, not yet confirmed created), doc/BadCase/002-get-projects-missing-child-projects.md, d:\GitHub\shadow-folk\doc\BadCase\002-get-projects-missing-child-projects.md",,0,0,2026-03-30T03:49:02.964Z,1774842542964,用户想澄清成员加入与管理的真实机制，定位为什么系统侧查不到或管不到成员信息。
1310,mem-1774678349332-nm78cx,d:/github/shadow-folk,用户想确认搜索权限模型是否应限制为“只能搜索自己创建的，或被邀请加入的 organization 和 project”。,排查了项目/子项目可见性与搜索范围实现，核对了成员关系、项目列表返回逻辑，以及 MCP 查询接口与前端展示之间的一致性问题。,关键发现是问题不只是父子项目层级，而是权限模型不一致：当前 MCP 的项目枚举范围比用户实际可见范围更窄。理论上搜索范围应与权限一致，覆盖用户创建和被邀请可访问的 organization/project。,完成了根因澄清，指出了 MCP 枚举逻辑与预期访问模型的不一致；同时补充了一个 BadCase 文档，用于记录该问题现象与原因。,统一搜索与项目枚举的权限判定口径；补充用例验证“创建的/被邀请的” organization 和 project 都能被正确检索。,".codebuddy/feature_list.json, .codebuddy/progress.md, .codebuddy/rules/AGENTS.md, docs/knowledge/mcp-tool-schema-400-fix.md, docs/specs/12.md, docs/specs/18.md, docs/specs/21.md, docs/specs/37.md, docs/specs/38.md, docs/specs/39.md, docs/specs/43.md, docs/specs/44.md, docs/specs/45.md, docs/specs/47.md, docs/specs/48.md, docs/specs/50.md, docs/specs/52.md, docs/specs/53.md, docs/specs/55.md, docs/specs/56.md, docs/specs/57.md, package.json, package-lock.json, src/__tests__/agents.test.ts, src/__tests__/checkpoint.test.ts, src/__tests__/cli-adapter.test.ts, src/__tests__/commands.test.ts, src/__tests__/export.test.ts, src/__tests__/fallback.test.ts","C:\Users\minusjiang\.cursor\projects\d-GitHub-shadow-folk/assets/c__Users_minusjiang_AppData_Roaming_Cursor_User_workspaceStorage_2d8d5f7f52bf4ed0972b2253bfa6608f_images_image-de60aa9a-e2fe-4d3e-ad14-f9d1a215a31f.png, C:\Users\minusjiang\.cursor\projects\d-GitHub-shadow-folk\assets\c__Users_minusjiang_AppData_Roaming_Cursor_User_workspaceStorage_2d8d5f7f52bf4ed0972b2253bfa6608f_images_image-49f6d81a-8129-4445-b966-cf6ac11177fb.png, C:\Users\minusjiang\.cursor\projects\d-GitHub-shadow-folk/assets/c__Users_minusjiang_AppData_Roaming_Cursor_User_workspaceStorage_2d8d5f7f52bf4ed0972b2253bfa6608f_images_image-1717e174-02ed-4bd1-9375-633c077dff6b.png, .codebuddy/feature_list.json, .codebuddy/progress.md, .codebuddy/rules/AGENTS.md, TODO.md, docs/knowledge/mcp-tool-schema-400-fix.md, docs/specs/12.md, docs/specs/18.md, docs/specs/21.md, docs/specs/37.md, docs/specs/38.md, docs/specs/39.md, docs/specs/43.md, docs/specs/44.md, docs/specs/45.md, docs/specs/47.md, docs/specs/48.md, docs/specs/50.md, docs/specs/52.md, docs/specs/53.md, docs/specs/55.md, docs/specs/56.md, docs/specs/57.md, package.json, package-lock.json, src/__tests__/agents.test.ts, src/__tests__/checkpoint.test.ts, src/__tests__/cli-adapter.test.ts, src/__tests__/commands.test.ts, src/__tests__/export.test.ts, src/__tests__/fallback.test.ts, doc/BadCase/ (proposed new case, not yet confirmed created), doc/BadCase/002-get-projects-missing-child-projects.md, d:\GitHub\shadow-folk\doc\BadCase\002-get-projects-missing-child-projects.md",,0,0,2026-03-30T03:46:26.877Z,1774842386877,用户希望明确并收敛搜索权限边界，避免用户明明有权限却搜不到对应项目或组织。
1309,mem-1774678349332-nm78cx,d:/github/shadow-folk,用户希望修复“上述问题”，核心是排查并解决因项目/子项目可见性异常导致无法获取 tank 项目上下文与相关人员/任务信息的问题。,排查了项目记忆中与 UE、vibe coding、Continue 配置、ClientTools 依赖分析等相关上下文；同时核对了项目成员、近期任务历史，以及 MCP 返回的项目列表是否完整。,关键发现是项目记忆里没有可复用的相关历史记录；真正的问题在于 MCP 的 get_projects 未返回子项目，导致 tank 虽然前端可见，但对代理不可访问。,确认了根因属于 MCP 子项目枚举缺失的接口层 bug；并补充了一份 BadCase 文档，记录现象、排查路径、根因和改进建议。,修复 get_projects 对子项目的返回逻辑，确保权限范围内的子项目可被枚举；修复后重新验证 tank 的项目检索、成员定位和任务访问链路。,".codebuddy/feature_list.json, .codebuddy/progress.md, .codebuddy/rules/AGENTS.md, docs/knowledge/mcp-tool-schema-400-fix.md, docs/specs/12.md, docs/specs/18.md, docs/specs/21.md, docs/specs/37.md, docs/specs/38.md, docs/specs/39.md, docs/specs/43.md, docs/specs/44.md, docs/specs/45.md, docs/specs/47.md, docs/specs/48.md, docs/specs/50.md, docs/specs/52.md, docs/specs/53.md, docs/specs/55.md, docs/specs/56.md, docs/specs/57.md, package.json, package-lock.json, src/__tests__/agents.test.ts, src/__tests__/checkpoint.test.ts, src/__tests__/cli-adapter.test.ts, src/__tests__/commands.test.ts, src/__tests__/export.test.ts, src/__tests__/fallback.test.ts","C:\Users\minusjiang\.cursor\projects\d-GitHub-shadow-folk/assets/c__Users_minusjiang_AppData_Roaming_Cursor_User_workspaceStorage_2d8d5f7f52bf4ed0972b2253bfa6608f_images_image-de60aa9a-e2fe-4d3e-ad14-f9d1a215a31f.png, C:\Users\minusjiang\.cursor\projects\d-GitHub-shadow-folk\assets\c__Users_minusjiang_AppData_Roaming_Cursor_User_workspaceStorage_2d8d5f7f52bf4ed0972b2253bfa6608f_images_image-49f6d81a-8129-4445-b966-cf6ac11177fb.png, C:\Users\minusjiang\.cursor\projects\d-GitHub-shadow-folk/assets/c__Users_minusjiang_AppData_Roaming_Cursor_User_workspaceStorage_2d8d5f7f52bf4ed0972b2253bfa6608f_images_image-1717e174-02ed-4bd1-9375-633c077dff6b.png, .codebuddy/feature_list.json, .codebuddy/progress.md, .codebuddy/rules/AGENTS.md, TODO.md, docs/knowledge/mcp-tool-schema-400-fix.md, docs/specs/12.md, docs/specs/18.md, docs/specs/21.md, docs/specs/37.md, docs/specs/38.md, docs/specs/39.md, docs/specs/43.md, docs/specs/44.md, docs/specs/45.md, docs/specs/47.md, docs/specs/48.md, docs/specs/50.md, docs/specs/52.md, docs/specs/53.md, docs/specs/55.md, docs/specs/56.md, docs/specs/57.md, package.json, package-lock.json, src/__tests__/agents.test.ts, src/__tests__/checkpoint.test.ts, src/__tests__/cli-adapter.test.ts, src/__tests__/commands.test.ts, src/__tests__/export.test.ts, src/__tests__/fallback.test.ts, doc/BadCase/ (proposed new case, not yet confirmed created), doc/BadCase/002-get-projects-missing-child-projects.md, d:\GitHub\shadow-folk\doc\BadCase\002-get-projects-missing-child-projects.md",,0,0,2026-03-30T03:45:18.812Z,1774842318812,用户的深层目的是恢复代理对目标子项目的正确访问与定位能力，从而继续基于真实项目上下文开展排障和协作。
1308,mem-1774678349332-nm78cx,d:/github/shadow-folk,用户希望把本次情况沉淀为记录，并按之前 badcase 的规则把背景描述清楚。,检索了项目中与 Unreal、AI 辅助开发、vibe coding、Continue 配置、依赖分析等相关的历史记忆；同时核查了项目成员、近期任务，以及 tank 子项目在 MCP 中的可见性问题。,多数相关主题在现有记忆库中暂无沉淀；已确认 tank 项目数据不可访问的根因是 MCP 子项目枚举缺失，导致前端可见但接口侧不可见。,完成了相关历史记忆检索、tank 项目背景与受限原因梳理，并确认了接口层面的可见性 bug。,按 badcase 模板补充一条正式记录，重点写清业务背景、查询未命中的现状和 MCP 可见性缺陷；后续推动修复子项目枚举问题，再补充 tank 项目的实际工作上下文。,".codebuddy/feature_list.json, .codebuddy/progress.md, .codebuddy/rules/AGENTS.md, docs/knowledge/mcp-tool-schema-400-fix.md, docs/specs/12.md, docs/specs/18.md, docs/specs/21.md, docs/specs/37.md, docs/specs/38.md, docs/specs/39.md, docs/specs/43.md, docs/specs/44.md, docs/specs/45.md, docs/specs/47.md, docs/specs/48.md, docs/specs/50.md, docs/specs/52.md, docs/specs/53.md, docs/specs/55.md, docs/specs/56.md, docs/specs/57.md, package.json, package-lock.json, src/__tests__/agents.test.ts, src/__tests__/checkpoint.test.ts, src/__tests__/cli-adapter.test.ts, src/__tests__/commands.test.ts, src/__tests__/export.test.ts, src/__tests__/fallback.test.ts","C:\Users\minusjiang\.cursor\projects\d-GitHub-shadow-folk/assets/c__Users_minusjiang_AppData_Roaming_Cursor_User_workspaceStorage_2d8d5f7f52bf4ed0972b2253bfa6608f_images_image-de60aa9a-e2fe-4d3e-ad14-f9d1a215a31f.png, C:\Users\minusjiang\.cursor\projects\d-GitHub-shadow-folk\assets\c__Users_minusjiang_AppData_Roaming_Cursor_User_workspaceStorage_2d8d5f7f52bf4ed0972b2253bfa6608f_images_image-49f6d81a-8129-4445-b966-cf6ac11177fb.png, C:\Users\minusjiang\.cursor\projects\d-GitHub-shadow-folk/assets/c__Users_minusjiang_AppData_Roaming_Cursor_User_workspaceStorage_2d8d5f7f52bf4ed0972b2253bfa6608f_images_image-1717e174-02ed-4bd1-9375-633c077dff6b.png, .codebuddy/feature_list.json, .codebuddy/progress.md, .codebuddy/rules/AGENTS.md, TODO.md, docs/knowledge/mcp-tool-schema-400-fix.md, docs/specs/12.md, docs/specs/18.md, docs/specs/21.md, docs/specs/37.md, docs/specs/38.md, docs/specs/39.md, docs/specs/43.md, docs/specs/44.md, docs/specs/45.md, docs/specs/47.md, docs/specs/48.md, docs/specs/50.md, docs/specs/52.md, docs/specs/53.md, docs/specs/55.md, docs/specs/56.md, docs/specs/57.md, package.json, package-lock.json, src/__tests__/agents.test.ts, src/__tests__/checkpoint.test.ts, src/__tests__/cli-adapter.test.ts, src/__tests__/commands.test.ts, src/__tests__/export.test.ts, src/__tests__/fallback.test.ts, doc/BadCase/ (proposed new case, not yet confirmed created)",,0,0,2026-03-30T03:39:45.417Z,1774841985417,用户的深层目的是补齐上下文记录，明确问题背景与限制原因，便于后续按 badcase 规范复盘和追踪。
1307,mem-1774678349332-nm78cx,d:/github/shadow-folk,用户想确认自己为什么被判断为“不是项目成员”，并怀疑 MCP 的成员识别或权限判断存在问题。,核查了项目记忆中与 UE/AI 辅助开发相关的历史上下文，并进一步查询了项目成员名单、可见性信息以及最近的项目任务记录。,多数相关项目记忆检索均未命中，说明现有记忆库缺少可直接复用的上下文；已成功拿到项目成员列表，确认当前项目确实存在明确成员信息，可用于对比 MCP 的判断结果。,完成了相关记忆检索、项目成员信息查询，以及近期任务历史的辅助核查；同时整理了 UE Vibe Coding 相关背景与查询受限原因。,建议直接对比当前登录身份与项目成员名单中的账号标识是否一致；若一致仍被判定为非成员，应继续排查 MCP 的成员同步、缓存或权限校验逻辑。,".codebuddy/feature_list.json, .codebuddy/progress.md, .codebuddy/rules/AGENTS.md, docs/knowledge/mcp-tool-schema-400-fix.md, docs/specs/12.md, docs/specs/18.md, docs/specs/21.md, docs/specs/37.md, docs/specs/38.md, docs/specs/39.md, docs/specs/43.md, docs/specs/44.md, docs/specs/45.md, docs/specs/47.md, docs/specs/48.md, docs/specs/50.md, docs/specs/52.md, docs/specs/53.md, docs/specs/55.md, docs/specs/56.md, docs/specs/57.md, package.json, package-lock.json, src/__tests__/agents.test.ts, src/__tests__/checkpoint.test.ts, src/__tests__/cli-adapter.test.ts, src/__tests__/commands.test.ts, src/__tests__/export.test.ts, src/__tests__/fallback.test.ts","C:\Users\minusjiang\.cursor\projects\d-GitHub-shadow-folk/assets/c__Users_minusjiang_AppData_Roaming_Cursor_User_workspaceStorage_2d8d5f7f52bf4ed0972b2253bfa6608f_images_image-de60aa9a-e2fe-4d3e-ad14-f9d1a215a31f.png, C:\Users\minusjiang\.cursor\projects\d-GitHub-shadow-folk\assets\c__Users_minusjiang_AppData_Roaming_Cursor_User_workspaceStorage_2d8d5f7f52bf4ed0972b2253bfa6608f_images_image-49f6d81a-8129-4445-b966-cf6ac11177fb.png, C:\Users\minusjiang\.cursor\projects\d-GitHub-shadow-folk/assets/c__Users_minusjiang_AppData_Roaming_Cursor_User_workspaceStorage_2d8d5f7f52bf4ed0972b2253bfa6608f_images_image-1717e174-02ed-4bd1-9375-633c077dff6b.png, .codebuddy/feature_list.json, .codebuddy/progress.md, .codebuddy/rules/AGENTS.md, TODO.md, docs/knowledge/mcp-tool-schema-400-fix.md, docs/specs/12.md, docs/specs/18.md, docs/specs/21.md, docs/specs/37.md, docs/specs/38.md, docs/specs/39.md, docs/specs/43.md, docs/specs/44.md, docs/specs/45.md, docs/specs/47.md, docs/specs/48.md, docs/specs/50.md, docs/specs/52.md, docs/specs/53.md, docs/specs/55.md, docs/specs/56.md, docs/specs/57.md, package.json, package-lock.json, src/__tests__/agents.test.ts, src/__tests__/checkpoint.test.ts, src/__tests__/cli-adapter.test.ts, src/__tests__/commands.test.ts, src/__tests__/export.test.ts, src/__tests__/fallback.test.ts",,0,0,2026-03-30T03:36:25.579Z,1774841785579,用户的深层目的是排查身份识别或权限链路是否异常，确认自己在项目中的成员状态没有被系统错误处理。
1306,mem-1774678349332-nm78cx,d:/github/shadow-folk,用户想让助手先解释“为什么前端能看到内容但助手一直没找到”，再分析这次检索耗时很久、始终未命中的原因。,围绕“vibe coding / Unreal Engine / AI辅助开发 / Continue / Venus / 自动化工具”等关键词反复检索了项目记忆、知识库和任务列表，并尝试确认是否存在该项目下的相关上下文。,多次检索均未命中，说明问题更可能出在检索入口、关键词表述或作用域选择不对，而不是前端内容不存在。另一个明显现象是搜索范围偏向记忆/知识而非直接定位用户所说的 tank 项目内容，导致排查路径绕远。,完成了对本次会话检索轨迹的归纳，识别出主要问题在于连续使用了未命中的模糊关键词搜索，以及可能没有一开始就锁定 tank 项目这一正确上下文。,建议先直接进入 tank 项目的实际数据源做定向核对，而不是继续泛化搜关键词；同时对照前端可见名称、项目ID和展示字段，校验检索接口的作用域与索引是否一致。,,"C:\Users\minusjiang\.cursor\projects\d-GitHub-shadow-folk/assets/c__Users_minusjiang_AppData_Roaming_Cursor_User_workspaceStorage_2d8d5f7f52bf4ed0972b2253bfa6608f_images_image-de60aa9a-e2fe-4d3e-ad14-f9d1a215a31f.png, C:\Users\minusjiang\.cursor\projects\d-GitHub-shadow-folk\assets\c__Users_minusjiang_AppData_Roaming_Cursor_User_workspaceStorage_2d8d5f7f52bf4ed0972b2253bfa6608f_images_image-49f6d81a-8129-4445-b966-cf6ac11177fb.png",,0,0,2026-03-30T03:30:02.036Z,1774841402036,用户的核心目的是确认“为什么系统检索结果与前端可见内容不一致”，并找出助手检索策略上的失误，以避免后续继续低效排查。
